"","Criteria","Quadratic","Cubic","Buchanan","Baranyi","Logistic","Gompertz"
"1","AIC",13.7427466873572,-38.269409496715,55.8231004157935,50.343931297471,-57.4244385779378,-69.1690748739235
"2","BIC",19.2119300073031,-31.4329303467827,61.2922837357394,57.1804104474034,-51.9552552579919,-62.3325957239912
