"","Species","Distance.m","Angle.degrees","Tree.Height.m"
"1","Populus tremula",31.6658337740228,41.2826361937914,27.8021161438536
"2","Quercus robur",45.984992608428,44.5359166583512,45.2460250644405
